title,url,discounted_price,original_price
Outdoor 2LED Solar Power Light Garden Wall Light Lamp Fence Gutter Stair Light HHIHE-532285,https://www.tinydeal.com/outdoor-2led-solar-power-light-garden-wall-light-lamp-fence-gutter-stair-light-p-166684.html,$4.14,$4.93 
ABS Plastic Case for Raspberry Pi 3 Model B & Raspberry Pi 2 E-524988,https://www.tinydeal.com/abs-plastic-case-for-raspberry-pi-3-model-b-raspberry-pi-2-p-163950.html,$2.40,$2.57 
3M 9001 KN90 Dust Masks Respirator Anti-dust PM2.5 Industrial Construction Polle RTH-562440,https://www.tinydeal.com/3m-9001-kn90-dust-masks-respirator-anti-dust-pm25-industrial-construction-polle-p-179487.html,$1.94,$2.33 
2-in-1 Vintage Blue Rhinestone Necklace + Earring Jewelry Set DJA-562974,https://www.tinydeal.com/2-in-1-vintage-blue-rhinestone-necklace-earring-jewelry-set-p-180097.html,$2.21,$5.79 
64GB USB 2.0 Flash Drive USB Pen Drive U Disk EFM-561923,https://www.tinydeal.com/64gb-usb-20-flash-drive-usb-pen-drive-u-disk-p-178875.html,$6.55,$18.70 
Simplified Package 216 x 3mm Buckyballs Magnetic DIY Balls Neocube TTH-417687,https://www.tinydeal.com/simplified-package-216-x-3mm-buckyballs-magnetic-diy-balls-neocube-p-153376.html,$3.67,$6.64 
1/10 pcs Bottle Shaped Survival Tool Flint Fire Starter Lighter HUI-112592,https://www.tinydeal.com/110-pcs-bottle-shaped-survival-tool-flint-fire-starter-lighter-p-66547.html,$1.18,$3.30 
CO Carbon Monoxide Smoke Detector Alarm Poisoning Gas Warning Sensor HHI-565563,https://www.tinydeal.com/co-carbon-monoxide-smoke-detector-alarm-poisoning-gas-warning-sensor-p-181307.html,$6.31,$9.57 
1 Pair of Silicone Magnetic Losing Weight Toe Rings HBI-13397,https://www.tinydeal.com/1-pair-of-silicone-magnetic-losing-weight-toe-rings-p-12727.html,$0.98,$3.21 
Portable Mini LCD Digital Tyre Tire Pressure Gauge Tester CTL-27481,https://www.tinydeal.com/portable-mini-lcd-digital-tyre-tire-pressure-gauge-tester-p-23322.html,$3.34,$3.86 
2.4GHz 1600dpi Wireless Optical Mouse Mice CMS-11833-C3,https://www.tinydeal.com/24ghz-1600dpi-wireless-optical-mouse-mice-p-168444.html,$3.52,$6.76 
1/2 pcs Standard 1M Magnetic Charge Cable + Detachable Micro USB Metal Plug EPACB-487297,https://www.tinydeal.com/12-pcs-standard-1m-magnetic-charge-cable-detachable-micro-usb-metal-plug-p-156704.html,$2.65,$6.21 
1/2 pcs Car Visor Glasses Sunglasses Ticket Clip Holder - Color Assorted RIG-179460,https://www.tinydeal.com/12-pcs-car-visor-glasses-sunglasses-ticket-clip-holder-color-assorted-p-90302.html,$1.35,$3.86 
Teeth Whitening Pen Tooth Gel Whitener Bleach HBI-113105,https://www.tinydeal.com/teeth-whitening-pen-tooth-gel-whitener-bleach-p-66709.html,$1.97,$5.86 
M3S Bluetooth 4.0 Smart Bracelet with Blood Oxygen E-568625,https://www.tinydeal.com/m3s-bluetooth-40-smart-bracelet-with-blood-oxygen-p-181701.html,$5.17,$13.30 
Red Seven Flashing Modes Warning Light Bike Safety Lane - 2 Laser Beam OPJ-480690,https://www.tinydeal.com/red-seven-flashing-modes-warning-light-bike-safety-lane-2-laser-beam-p-156717.html,$2.86,$5.67 
Multifunction USB 2.0 M2/ TF Card Reader w/ Lanyard CCR-85173,https://www.tinydeal.com/multifunction-usb-20-m2-tf-card-reader-w-lanyard-p-57252.html,$1.55,$1.66 
10pcs Colorful Rose Flower Plant Seeds TDS-378192,https://www.tinydeal.com/10pcs-colorful-rose-flower-plant-seeds-p-145998.html,$0.78,$2.78 
Neoprene Short Beach Socks Diving Socks Non-Slip Antiskid Scuba Dive Boots SGD-548443,https://www.tinydeal.com/neoprene-short-beach-socks-diving-socks-non-slip-antiskid-scuba-dive-boots-p-174657.html,$3.13,$3.75 
216 x 5mm Buckyballs Magic Magnetic DIY Balls FTY-12600,https://www.tinydeal.com/216-x-5mm-buckyballs-magic-magnetic-diy-balls-p-11077.html,$10.37,$17.69 
ALIKE Fashion 50M Waterproof Men Analog-digital Wrist Watch WMN-205187-C3,https://www.tinydeal.com/alike-fashion-50m-waterproof-men-analog-digital-wrist-watch-p-163295.html,$9.30,$19.09 
Light Controlled Square LED Wall Night Lamp Bedroom Night Light HLT-506114,https://www.tinydeal.com/light-controlled-square-led-wall-night-lamp-bedroom-night-light-p-158312.html,$2.13,$5.22 
USB2.0 802.11 b/ g/ n 150Mbps Wireless Adapter with Antenna CNP-150792,https://www.tinydeal.com/usb20-80211-b-g-n-150mbps-wireless-adapter-with-antenna-p-81238.html,$4.64,$6.06 
18g Super Strong Sealant Fix Metal Adhesive Sealing Glue Bond HHI-557389,https://www.tinydeal.com/18g-super-strong-sealant-fix-metal-adhesive-sealing-glue-bond-p-177571.html,$1.18,$3.86 
Bluetooth 4.2 Magnetic Wireless Earbuds with 2 Pair of Ear Sleeves EEP-560851,https://www.tinydeal.com/bluetooth-42-magnetic-wireless-earbuds-with-2-pair-of-ear-sleeves-p-178665.html,$3.16,$6.16 
1/2/5/10 pcs Teflon Gas Hob Oil Protector Liner Reusable Stove Clean Mat Pad HHI-549769,https://www.tinydeal.com/12510-pcs-teflon-gas-hob-oil-protector-liner-reusable-stove-clean-mat-pad-p-175005.html,$1.41,$5.36 
6pcs 6-Layer Razor Blades + Shaver Handle HHI-557375,https://www.tinydeal.com/6pcs-6-layer-razor-blades-shaver-handle-p-178095.html,$3.49,$6.70 
1/4/10 pcs 3M VHB Double Sided Adhesive Acrylic Foam Tape Scotch Tape RTH-545063,https://www.tinydeal.com/1410-pcs-3m-vhb-double-sided-adhesive-acrylic-foam-tape-scotch-tape--p-173455.html,$2.09,$3.59 
FM/ MP3 Wireless Transmitter with Remote Controller for Car RFM-96304,https://www.tinydeal.com/fm-mp3-wireless-transmitter-with-remote-controller-for-car-p-61215.html,$3.70,$4.28 
2pcs DC 12V 2W 41mm Festoon 6000K LED Car White Light Lamp RCB-71476,https://www.tinydeal.com/2pcs-dc-12v-2w-41mm-festoon-6000k-led-car-white-light-lamp-p-51560.html,$2.29,$2.45 
Original Xiaomi Piston Dazzle Edition Earphones with Mic EEP-455477-C3,https://www.tinydeal.com/original-xiaomi-piston-dazzle-edition-earphones-with-mic-p-160055.html,$5.64,$6.49 
Mini Camera SQ11 Night Vision FOV140 1080P DV Video Recorder EVC-558775,https://www.tinydeal.com/mini-camera-sq11-night-vision-fov140-1080p-dv-video-recorder-p-179706.html,$8.63,$16.39 
2 Inch HD Screen Kids Mini Digital Camera Chargable Camera Toys Children Gift RTH-572086,https://www.tinydeal.com/2-inch-hd-screen-kids-mini-digital-camera-chargable-camera-toys-children-gift-p-182341.html,$11.15,$12.26 
Car MP3 Player with SD/MMC Slot RFM-31092,https://www.tinydeal.com/car-mp3-player-with-sdmmc-slot-p-26057.html,$3.55,$4.20 
6pcs Cute Finger Puppets for Kids Children FSI-223287,https://www.tinydeal.com/6pcs-cute-finger-puppets-for-kids-children-p-102641.html,$2.49,$2.65 
Power Balance Silicone Wristband Bracelet Energy Bracelets E-546551,https://www.tinydeal.com/power-balance-silicone-wristband-bracelet-energy-bracelets-p-173899.html,$1.20,$4.51 
M165 Mini Bluetooth 4.1 Wireless Earphone with Mic Volume Adjustable for Phone RTH-573956,https://www.tinydeal.com/m165-mini-bluetooth-41-wireless-earphone-with-mic-volume-adjustable-for-phone-p-182813.html,$2.93,$5.67 
Universal Micro-USB OTG TF/SD Card Reader for Smartphone Tablet PC ECACR-483880,https://www.tinydeal.com/universal-micro-usb-otg-tfsd-card-reader-for-smartphone-tablet-pc-p-156504.html,$1.17,$2.53 
Magical Intellect Puzzle Ball IQ Trainer Toy for Kids Children FTY-13833,https://www.tinydeal.com/magical-intellect-puzzle-ball-iq-trainer-toy-for-kids-children-p-12350.html,$5.29,$5.65 
2 in 1 KN320 Bluetooth 5.0 Audio Receiver Transmitter Wireless Adapter Car RTH-571803,https://www.tinydeal.com/2-in-1-kn320-bluetooth-50-audio-receiver-transmitter-wireless-adapter-car-p-182304.html,$3.88,$6.76 
Universal 6'' Phone Lanyard Necklace & Wrist Strap Card Bag Holder w Lanyard HHITH-543753,https://www.tinydeal.com/universal-6-phone-lanyard-necklace-wrist-strap-card-bag-holder-w-lanyard-p-172964.html,$1.91,$3.04 
TOPK 1M Hi-Tensile Type C Data Fast Charging Cable EPACB-559670,https://www.tinydeal.com/topk-1m-hi-tensile-type-data-fast-charging-cable-p-178951.html,$1.69,$2.35 
4 Pack Car Door Sill Protector Sticker 3D Carbon Fiber Pedals Guards Autoparts HHI-573062,https://www.tinydeal.com/4-pack-car-door-sill-protector-sticker-3d-carbon-fiber-pedals-guards-autoparts-p-182650.html,$2.08,$2.72 
1/2 pcs CREE XM-L T6 1-LED 3800LM 5 Modes Zoom LED Flashlight STH-485135,https://www.tinydeal.com/12-pcs-cree-xm-l-t6-1-led-3800lm-5-modes-zoom-led-flashlight-p-156642.html,$5.85,$6.62 
Portable Waterproof Emergency Space Rescue Thermal Foil Mylar Blankets Silver EDT-554213,https://www.tinydeal.com/portable-waterproof-emergency-space-rescue-thermal-foil-mylar-blankets-silver-p-176637.html,$1.93,$2.53 
Evening  Butterfly Pendant Rhinestones T-Back Sexy Underwear DUW-278008,https://www.tinydeal.com/evening-butterfly-pendant-rhinestones-t-back-sexy-underwear-p-118449.html,$2.02,$2.53 
ESTRELLA  32G USB2.0 High Speed Mini Flash Drive Waterproof USB EUD-555514,https://www.tinydeal.com/estrella-32g-usb20-high-speed-mini-flash-drive-waterproof-usb-p-176841.html,$5.40,$13.65 
2PCS Automobile Electrostatic Sunshade Car Sunscreen Sticker RTH-391611,https://www.tinydeal.com/2pcs-automobile-electrostatic-sunshade-car-sunscreen-sticker--p-148929.html,$3.97,$5.65 
Mushroom Style 1/5W Light Sensor LED Night Lamp HLI-149180,https://www.tinydeal.com/mushroom-style-15w-light-sensor-led-night-lamp-p-80565.html,$2.08,$3.76 
Stainless Steel Small Quickdraw Carabiner with Locking SCH-314987,https://www.tinydeal.com/stainless-steel-small-quickdraw-carabiner-with-locking-p-129565.html,$1.01,$1.57 
LED Brake Lights 12V Auto Reverse Lamp Turn Signal Daytime Running Light RLT-554909,https://www.tinydeal.com/led-brake-lights-12v-auto-reverse-lamp-turn-signal-daytime-running-light-p-177279.html,$2.44,$4.73 
1/2/4/6/10 pcs Survival Fire Sparkle Flint Firestone Striker Fire Starter QCH-233585,https://www.tinydeal.com/124610-pcs-survival-fire-sparkle-flint-firestone-striker-fire-starter-p-105386.html,$2.84,$3.80 
Mini Infrared Induction Helicopter Hand Induction Flying Aircraft for Kids TDS-546066,https://www.tinydeal.com/mini-infrared-induction-helicopter-hand-induction-flying-aircraft-for-kids-p-173638.html,$11.09,$14.36 
Car Paint Scratches Repair Pen Brush Waterproof Paint Marker Pen Car Maintain RTH-571469,https://www.tinydeal.com/car-paint-scratches-repair-pen-brush-waterproof-paint-marker-pen-car-maintain-p-182211.html,$1.46,$4.80 
New Silicone Bracelet Electronic Digital LED Sport Wrist Watch WWT-357380,https://www.tinydeal.com/new-silicone-bracelet-electronic-digital-led-sport-wrist-watch-p-140958.html,$2.03,$6.16 
Magnetic Therapy Thermal Self-Heating Waist Pad Belt Waist Brace HSI-25926,https://www.tinydeal.com/magnetic-therapy-thermal-self-heating-waist-pad-belt-waist-brace-p-21743.html,$5.96,$6.35 
